{"x": 1.0110188559580064, "y": -3.6737075899944336, "theta": -4.327357392955142}