{"x": 5.170525247002237e-16, "y": -1.6167520950771007e-25, "theta": -4.608534483880461e-11}